Cell_ID,charge_cycles,SOH_capacity,avg_voltage,avg_temp,max_factory_cap
Cell1,0,739.1109210621779,3.7350762212583146,40.41933992433481,739.1109210621779
Cell1,100,730.1929494056872,3.7356805096774193,40.32711510434782,739.1109210621779
Cell1,200,725.7467375962049,3.7364243172121894,40.327297584650104,739.1109210621779
Cell1,300,722.8431973239306,3.736473817903683,40.32204489546742,739.1109210621779
Cell1,400,718.3668958430143,3.7376955802965495,40.314725823210715,739.1109210621779
Cell1,500,714.9787006955092,3.7380264149813804,40.334303672300194,739.1109210621779
Cell1,600,711.6204053941345,3.738322718618705,40.30517850503597,739.1109210621779
Cell1,700,709.5321170323996,3.738288945151954,40.36040864196815,739.1109210621779
Cell1,800,705.8480111354505,3.7388838780622637,40.378438329938895,739.1109210621779
Cell1,900,702.5449768529222,3.7392403858520904,40.38455092692195,739.1109210621779
Cell1,1000,699.4156477527364,3.7395246271285965,40.36335875513799,739.1109210621779
Cell1,1100,696.2835912151658,3.739851762518431,40.43320337776467,739.1109210621779
Cell1,1200,693.2672854322545,3.7402309427428913,40.393250269845964,739.1109210621779
Cell1,1300,690.3687943593548,3.7403440400654375,40.39081635336109,739.1109210621779
Cell1,1400,687.6192406848993,3.7404744912809793,40.383829926246634,739.1109210621779
Cell1,1600,681.8263154580586,3.7412893832530125,0.5208844480873495,739.1109210621779
Cell1,1800,675.8871270316637,3.7415144606502584,40.42639107323001,739.1109210621779
Cell1,1900,672.743285643124,3.741878111050061,40.36162140628815,739.1109210621779
Cell1,2000,669.7317983178508,3.74182866385653,40.2979442066217,739.1109210621779
Cell1,2100,667.4184829442038,3.742031670153846,40.36416039661538,739.1109210621779
Cell1,2200,663.9526202195469,3.742237545485467,40.378259337662335,739.1109210621779
Cell1,2300,661.4396086354981,3.742374365259236,40.42450364638311,739.1109210621779
Cell1,2400,658.2324497447104,3.742677382189645,40.45575250062383,739.1109210621779
Cell1,2500,656.3019662937012,3.742594369680851,40.48525785951189,739.1109210621779
Cell1,2600,652.7810452742547,3.7433234485372755,40.51860900062913,739.1109210621779
Cell1,2700,651.274269703515,3.7426688089848676,40.477341894073135,739.1109210621779
Cell1,2800,648.8501025188361,3.7428102753481007,40.51885063259493,739.1109210621779
Cell1,2900,645.0218397585212,3.743819211461318,40.43651746259153,739.1109210621779
Cell1,3000,644.1689847636143,3.7435152985655082,40.57025249569653,739.1109210621779
Cell1,3100,642.0891597582703,3.74304625001599,40.50840361752478,739.1109210621779
Cell1,3200,638.7729233128966,3.743688392928319,40.50111671777564,739.1109210621779
Cell1,3300,637.8192441609972,3.743018325434643,40.464052947520926,739.1109210621779
Cell1,3500,632.2030179733683,3.745066382884053,40.24412404839234,739.1109210621779
Cell1,3600,631.7444982024535,3.7448143585310367,40.3355198316542,739.1109210621779
Cell1,3700,629.5202834064332,3.7450797408349636,40.501468861382904,739.1109210621779
Cell1,3800,625.4908168324312,3.7467241263296125,40.436845348653975,739.1109210621779
Cell1,3900,625.2583088284471,3.7456788158292276,40.45294666469622,739.1109210621779
Cell1,4000,623.5531647570597,3.745202498946328,40.50196408396444,739.1109210621779
Cell1,4100,620.4774481988763,3.7457507333884847,40.480764504632695,739.1109210621779
Cell1,4200,619.5186640586243,3.7449785352336753,40.49315957772621,739.1109210621779
Cell1,4300,617.6078318476868,3.7442331386635637,40.46304824501329,739.1109210621779
Cell1,4400,615.7261856172588,3.743838164254752,40.46354685228409,739.1109210621779
Cell1,4500,612.7444427379218,3.744812294436997,40.44848086729222,739.1109210621779
Cell1,4600,612.349611637397,3.743229158699296,40.41249004391552,739.1109210621779
Cell1,4800,608.8768448422716,3.7430926746797035,40.44707384592043,739.1109210621779
Cell1,5000,604.2869401481527,3.7426474184782608,40.39047319327445,739.1109210621779
Cell1,5100,603.2069763171048,3.7424525989448605,40.39145060585432,739.1109210621779
Cell1,5200,599.8239008415256,3.7461686148186173,40.684576422313484,739.1109210621779
Cell1,5300,599.8621534882067,3.7438703691991786,40.6943075797399,739.1109210621779
Cell1,5400,598.158701601549,3.743461799588195,40.690422556280026,739.1109210621779
Cell1,5500,594.2801484523485,3.745942169810017,40.75604489671848,739.1109210621779
Cell1,5600,594.4675726175096,3.7433909733080113,40.74882361740332,739.1109210621779
Cell1,5700,592.857351306983,3.7431510420013856,40.76850227977839,739.1109210621779
Cell1,5800,590.4253670448167,3.7434535819541033,40.78144194193324,739.1109210621779
Cell1,5900,589.4471143131173,3.7428177745733198,40.746279282828276,739.1109210621779
Cell1,6000,588.1173065952115,3.7424068148691094,40.766930744502616,739.1109210621779
Cell1,6100,585.5603691386312,3.7438984266736774,40.803082363477046,739.1109210621779
Cell1,6200,585.7463794615072,3.742171771784087,40.79044699754644,739.1109210621779
Cell1,6300,584.1518310216064,3.7415346047435,40.772532254040755,739.1109210621779
Cell1,6400,581.2757619596863,3.7445003663723067,40.8321776354645,739.1109210621779
Cell1,6500,581.6547783101196,3.7414235827099507,40.822366022230064,739.1109210621779
Cell1,6600,580.0334389678039,3.741068585527246,40.82652652476999,739.1109210621779
Cell1,6700,577.6338801898363,3.747703740227434,40.74415458386638,739.1109210621779
Cell1,6800,577.5893924134589,3.743337786389481,40.76943933866382,739.1109210621779
Cell1,6900,576.416770813853,3.742773966631054,40.80879391239316,739.1109210621779
Cell1,7000,573.0979789577467,3.7465424418338107,40.749389394699136,739.1109210621779
Cell1,7100,573.0979789577467,3.7465424418338107,40.749389394699136,739.1109210621779
Cell1,7200,574.9714659926825,3.7428722781506605,40.78109647161728,739.1109210621779
Cell1,7300,572.0375640082297,3.7411146043415857,40.80472365590241,739.1109210621779
Cell1,7400,570.436583787218,3.740624219647355,40.8119091813602,739.1109210621779
Cell1,7500,568.267859513994,3.741631014631503,40.80552061054913,739.1109210621779
Cell1,7600,567.7929103307428,3.739830421113521,40.78884041178597,739.1109210621779
Cell1,7700,566.7532309264086,3.739349720608475,40.79084076530243,739.1109210621779
Cell1,7800,564.2265724626601,3.740730690942161,40.765426004728994,739.1109210621779
Cell1,7900,564.3176975749817,3.738615056202255,40.770597697708254,739.1109210621779
Cell1,8000,563.0464545433011,3.738134389609917,40.75151154903391,739.1109210621779
Cell1,8100,560.0135969052836,3.7413366590542525,40.80903719281524,739.1109210621779
Cell1,8200,560.6495828680589,3.7374783565885794,40.72716385102489,739.1109210621779
Cell2,0,734.8189656975843,3.734724948686417,40.499935564561206,734.8189656975843
Cell2,100,726.6220579061855,3.7363482116699633,40.42164442102288,734.8189656975843
Cell2,200,722.1571400208163,3.737390495166335,40.414787726471424,734.8189656975843
Cell2,300,719.2156200035366,3.737397836682843,40.426595697402234,734.8189656975843
Cell2,400,714.5823074647996,3.73865225612069,40.40777006666667,734.8189656975843
Cell2,500,711.1216758331502,3.7389033426097,40.408104486431874,734.8189656975843
Cell2,600,708.0616104027846,3.7391747736445344,40.3824394647724,734.8189656975843
Cell2,700,705.4509534216545,3.739185263133372,40.42205248485731,734.8189656975843
Cell2,800,701.9102314870742,3.7397095282704123,40.41304891776412,734.8189656975843
Cell2,900,699.2549903478053,3.7399610715334903,40.406623299353704,734.8189656975843
Cell2,1000,696.6637550136685,3.7403109151577705,40.38615575287526,734.8189656975843
Cell2,1100,693.9847933360154,3.740614720870338,40.43923640941385,734.8189656975843
Cell2,1200,691.2011130181581,3.7407198246656757,40.42117673521545,734.8189656975843
Cell2,1300,688.2824454375678,3.740737267830498,40.417546981498056,734.8189656975843
Cell2,1400,685.4468687684393,3.740922772370393,40.411980738088104,734.8189656975843
Cell2,1600,679.5110214082981,3.740926314752116,40.493198905985494,734.8189656975843
Cell2,1800,674.0054456104837,3.741050950289546,40.4795377683633,734.8189656975843
Cell2,1900,670.6497832609933,3.7410919916079637,40.4279020762634,734.8189656975843
Cell2,2000,667.3525808571167,3.7412424195136964,40.38802808402585,734.8189656975843
Cell2,2100,665.2355876842753,3.7416881036751075,40.44058446602841,734.8189656975843
Cell2,2200,661.5433404840155,3.74182640704969,40.44185112701863,734.8189656975843
Cell2,2300,659.7519802009176,3.7417249648194275,40.48383985367372,734.8189656975843
Cell2,2400,656.2873914063993,3.7421034434428795,40.498462128638494,734.8189656975843
Cell2,2500,654.6501051945633,3.7420992084405396,40.52083827016003,734.8189656975843
Cell2,2600,650.3893528573778,3.7423109418825016,40.538349725837016,734.8189656975843
Cell2,2700,649.6653133077699,3.741924070218147,40.520316920328796,734.8189656975843
Cell2,2800,647.1329168947415,3.7421319950158725,40.532147353968256,734.8189656975843
Cell2,2900,642.1348249865453,3.742777786756238,40.476797472488805,734.8189656975843
Cell2,3000,641.7052831471693,3.7428340084507044,40.56020144590269,734.8189656975843
Cell2,3100,638.9952205493706,3.742496210318226,40.52496510928962,734.8189656975843
Cell2,3200,634.9703545346578,3.743120599061793,40.516193736007764,734.8189656975843
Cell2,3300,634.2086228227167,3.7428765277939746,40.502423436345964,734.8189656975843
Cell2,3500,627.7048777025079,3.744556815445026,40.33287734882199,734.8189656975843
Cell2,3600,628.1200744890406,3.7447224493132762,40.398446917266185,734.8189656975843
Cell2,3700,626.1354826394687,3.7450205639763783,40.55692658234908,734.8189656975843
Cell2,3800,621.1583132684733,3.7462032114417996,40.464756234457674,734.8189656975843
Cell2,3900,621.4628930235764,3.745827006876033,40.46984868297521,734.8189656975843
Cell2,4000,619.5183548363003,3.745396382592838,40.506973361405834,734.8189656975843
Cell2,4100,615.5350095355564,3.7457423562562564,40.48787027360694,734.8189656975843
Cell2,4200,614.8821184840259,3.7453312916137653,40.492834794520554,734.8189656975843
Cell2,4300,612.8973459219055,3.7446850448056304,40.46622335321716,734.8189656975843
Cell2,4400,610.9128049558445,3.744542099798252,40.45096029354405,734.8189656975843
Cell2,4500,607.28245491411,3.7454069855548036,40.4685902297023,734.8189656975843
Cell2,4600,606.9661398070712,3.7443915983417937,40.4315713177665,734.8189656975843
Cell2,4800,603.2893260278694,3.744344910010214,40.468160961865856,734.8189656975843
Cell2,5000,565.6961522931484,3.720027082788671,40.49576631989833,734.8189656975843
Cell2,5100,577.9189479132826,3.723112667164179,40.490651550106605,734.8189656975843
Cell2,5200,575.4802012975294,3.726550581263383,40.677804366167024,734.8189656975843
Cell2,5300,580.878875800554,3.725174959618105,40.6727544013437,734.8189656975843
Cell2,5400,581.026022733551,3.725124242806645,40.6631660661011,734.8189656975843
Cell2,5500,575.9512937736342,3.7287732057417977,40.72938213908702,734.8189656975843
Cell2,5600,578.8701634543729,3.726406030553584,40.703107674237046,734.8189656975843
Cell2,5700,578.0391777470296,3.7261847305614784,40.701196590262974,734.8189656975843
Cell2,5800,575.294154472195,3.725780064905391,40.75148059478758,734.8189656975843
Cell2,5900,574.6726428197767,3.7257279005718367,40.69348293781272,734.8189656975843
Cell2,6000,573.0003167713386,3.725514870322581,40.68753851505377,734.8189656975843
Cell2,6100,567.463746839281,3.7273301254071662,40.77465250850525,734.8189656975843
Cell2,6200,570.4755641019322,3.725548339704824,40.71492984665227,734.8189656975843
Cell2,6300,568.8010284364556,3.7254754990971475,40.67429842759119,734.8189656975843
Cell2,6400,562.7251821399774,3.7287573009489052,40.791810111313865,734.8189656975843
Cell2,6500,565.7941735212776,3.7254905110707806,40.73718843629764,734.8189656975843
Cell2,6600,563.8357095455017,3.7254131210200363,40.73125694790528,734.8189656975843
Cell2,6700,561.4334759774204,3.729484167264082,40.76478154206291,734.8189656975843
Cell2,6800,564.0030095218641,3.7274463357611074,40.75002358739986,734.8189656975843
Cell2,6900,562.1277485994194,3.7267203293021556,40.74851978662769,734.8189656975843
Cell2,7000,556.2119202810296,3.732866242577548,40.75696646602659,734.8189656975843
Cell2,7100,556.3346788557027,3.7274406150609076,40.79921174529347,734.8189656975843
Cell2,7200,556.887525681366,3.7253725194321534,40.793339510693215,734.8189656975843
Cell2,7300,557.1166198494262,3.723404574050866,40.76509362476963,734.8189656975843
Cell2,7400,501.4350458651225,3.6973829522932027,40.74508760687961,734.8189656975843
Cell2,7500,562.233702061415,3.7174437858655955,40.69749477538349,734.8189656975843
Cell2,7600,558.6320678634678,3.718104487095588,40.722946510294115,734.8189656975843
Cell2,7700,544.914770679986,3.7090790116094987,40.823267436486994,734.8189656975843
Cell3,0,735.119595112905,3.734807433444816,40.31596408389075,735.119595112905
Cell3,100,726.6872270437656,3.7355135601353253,40.26657622215958,735.119595112905
Cell3,200,722.7328355075854,3.736126105102041,40.26400230782313,735.119595112905
Cell3,300,720.2066836195169,3.736152810327169,40.27578666372689,735.119595112905
Cell3,400,716.0503279000582,3.7370155810872676,40.26339975822604,735.119595112905
Cell3,500,713.0840304729683,3.7372873486641773,40.27004126457915,735.119595112905
Cell3,600,710.0583119725138,3.73735923054514,40.25854406374387,735.119595112905
Cell3,700,708.5077117739089,3.7372740067246375,40.27927709188407,735.119595112905
Cell3,800,705.5725275613336,3.7376619203725263,40.28367688533178,735.119595112905
Cell3,900,703.2127351410794,3.7379814723422897,40.29082589690421,735.119595112905
Cell3,1000,700.8922491815016,3.7380772909756814,40.27883490184588,735.119595112905
Cell3,1100,698.6703028506131,3.7379785055833086,40.32740492418454,735.119595112905
Cell3,1200,696.3460284543626,3.738294638012386,40.30574594367444,735.119595112905
Cell3,1300,693.9320435294495,3.7381101747041416,40.306667409171595,735.119595112905
Cell3,1400,691.4782753365478,3.7382705975653208,40.30483368171022,735.119595112905
Cell3,1600,686.4039761027119,3.7384833480705955,40.34498209003889,735.119595112905
Cell3,1800,681.1264227231039,3.738727382182695,40.33805293066024,735.119595112905
Cell3,1900,678.2317768750305,3.7389372781410843,40.29613079140176,735.119595112905
Cell3,2000,675.4148558999498,3.739145391547583,40.26427745910611,735.119595112905
Cell3,2100,673.3918106771276,3.738851358323171,40.292492898170735,735.119595112905
Cell3,2200,669.9072324045648,3.7394899400367874,40.312553312691605,735.119595112905
Cell3,2300,667.9872304226006,3.739289259883184,40.33140990408854,735.119595112905
Cell3,2400,665.1830232248433,3.739795796387774,40.36236466069775,735.119595112905
Cell3,2500,663.1787555105219,3.739424524798762,40.37135754458205,735.119595112905
Cell3,2600,659.6375677156237,3.7400269095890413,40.39334534028642,735.119595112905
Cell3,2700,658.3707894367438,3.739306772747115,40.36722713564079,735.119595112905
Cell3,2800,655.8547865798171,3.739577314182843,40.37949090137759,735.119595112905
Cell3,2900,651.9694142612814,3.740392109795276,40.35313556251968,735.119595112905
Cell3,3000,650.9774306129659,3.7398774671712394,40.41199225890887,735.119595112905
Cell3,3100,648.7293266569452,3.7396266809177217,40.38622266962025,735.119595112905
Cell3,3200,645.0933332983059,3.740350338096754,40.399918005728836,735.119595112905
Cell3,3500,638.1805844078301,3.741950546460746,40.27404265122265,735.119595112905
Cell3,3600,637.7480160822042,3.741835094301352,40.29670567868642,735.119595112905
Cell3,3700,635.89805559061,3.7418026638682593,40.35322723345173,735.119595112905
Cell3,3800,632.3420224158799,3.743051089253247,40.37358948214286,735.119595112905
Cell3,3900,631.7149177351412,3.742296189242769,40.367729336366594,735.119595112905
Cell3,4000,629.6603428366021,3.742026372872514,40.39648158526247,735.119595112905
Cell3,4100,626.6624752776828,3.7424948130733946,40.40083073623853,735.119595112905
Cell3,4200,625.6675662566968,3.7417583175254348,40.40801436560552,735.119595112905
Cell3,4300,623.802889529931,3.74131114361422,40.383267006254115,735.119595112905
Cell3,4400,621.8625686928474,3.7409246448662925,40.387684841862004,735.119595112905
Cell3,4500,618.4472051369663,3.741844375763612,40.383960332005316,735.119595112905
Cell3,4600,617.397062827596,3.741002852444297,40.3480071,735.119595112905
Cell3,4800,613.8286055479532,3.7407447326086958,40.37296912408027,735.119595112905
Cell3,5000,608.9248500447693,3.740507135030344,40.345318192852325,735.119595112905
Cell3,5100,607.559576722663,3.740007885033784,40.33979412533784,735.119595112905
Cell3,5200,604.4512359157004,3.7429520402853265,40.42232400543478,735.119595112905
Cell3,5300,604.3593651956008,3.7409936730978264,40.438460672894024,735.119595112905
Cell3,5400,602.5054696849569,3.740819365144804,40.44157803202726,735.119595112905
Cell3,5500,599.4989362373487,3.742674870273973,40.47529929280822,735.119595112905
Cell3,5600,599.6266429328138,3.7403530804519,40.47439202088326,735.119595112905
Cell3,5700,597.9470266185133,3.740135687058016,40.49862580707175,735.119595112905
Cell3,5800,595.6181045337796,3.740568796139262,40.49562586694244,735.119595112905
Cell3,5900,594.1606611276211,3.740126041015895,40.478892308915,735.119595112905
Cell3,6000,592.2878485063985,3.74001086745234,40.48718216048527,735.119595112905
Cell3,6100,589.3378363478698,3.741417573772205,40.62198653221874,735.119595112905
Cell3,6200,588.8489304022828,3.7397453299058907,40.6140552533984,735.119595112905
Cell3,6300,587.1626914231025,3.7397651780419583,40.592741058041966,735.119595112905
Cell3,6400,584.8877045881585,3.7419580398385404,40.64356663882064,735.119595112905
Cell3,6500,584.6155005204129,3.7396325827247194,40.65792792169944,735.119595112905
Cell3,6600,582.9967982685885,3.7393798363732396,40.6527247471831,735.119595112905
Cell3,6700,582.4711285638903,3.7441264661261893,40.62312159217483,735.119595112905
Cell3,6800,582.6697890370449,3.740251599436421,40.656486927791484,735.119595112905
Cell3,6900,581.1245224090237,3.739895459307665,40.67082201660191,735.119595112905
Cell3,7000,578.701182313585,3.7430351820503724,40.62316145051437,735.119595112905
Cell3,7100,580.2683002516004,3.739330653342766,40.64943311531659,735.119595112905
Cell3,7200,577.6091745887383,3.738228256645345,40.687881573560766,735.119595112905
Cell3,7300,575.9966217167189,3.7378197555238772,40.673564037776195,735.119595112905
Cell3,7400,574.0759611343926,3.7386637516624956,40.697945626742936,735.119595112905
Cell3,7500,573.0825077442627,3.7372811741762177,40.68167042979943,735.119595112905
Cell3,7600,571.5622067833184,3.736817873070018,40.68779541364453,735.119595112905
Cell3,7700,569.8652392499695,3.7382893319164268,40.63457387391931,735.119595112905
Cell3,7800,569.3134736610447,3.736055961067051,40.63903697368421,735.119595112905
Cell3,7900,567.8694270267266,3.7356301926996744,40.63370837694254,735.119595112905
Cell3,8000,566.4618704545966,3.738043379311594,40.67040378115942,735.119595112905
Cell3,8100,565.8573030034044,3.735173707508161,40.613478077257895,735.119595112905
Cell4,0,734.0756158938327,3.7346274083916082,40.808299768111894,734.0756158938327
Cell4,100,725.6895677627597,3.736600116581777,40.76449657102433,734.0756158938327
Cell4,200,720.520947044064,3.7375159082051277,40.75673721082621,734.0756158938327
Cell4,300,716.8993845363364,3.7382275715554285,40.75537181094242,734.0756158938327
Cell4,400,711.6089577103882,3.739249837334103,40.74491103144836,734.0756158938327
Cell4,500,707.5381360146926,3.740044155194428,40.74976974521184,734.0756158938327
Cell4,600,703.3674972372165,3.7403159329246938,40.73923267717455,734.0756158938327
Cell4,700,701.7227474914652,3.740575061299766,40.76601409045667,734.0756158938327
Cell4,800,698.0057685756904,3.741149203472631,40.766658800765164,734.0756158938327
Cell4,900,694.5155634312847,3.741600311091393,40.76537302868974,734.0756158938327
Cell4,1000,690.9174915491741,3.742033830449004,40.74578408355635,734.0756158938327
Cell4,1100,687.1888481767409,3.7423680812257105,40.79559279730942,734.0756158938327
Cell4,1200,682.9508147644314,3.742558719007519,40.76273044150375,734.0756158938327
Cell4,1300,678.9738121475967,3.742936831921331,40.78528873948564,734.0756158938327
Cell4,1400,674.7946724375373,3.743126520974125,40.78455116864536,734.0756158938327
Cell4,1600,667.088694869066,3.743960427286726,40.8226488013551,734.0756158938327
Cell4,1800,659.50607827045,3.7446074237383176,40.80981868037383,734.0756158938327
Cell4,1900,655.8003460359124,3.745126692575188,40.76888158489975,734.0756158938327
Cell4,2000,651.8358917402749,3.7454377355184367,40.73904850204853,734.0756158938327
Cell4,2100,649.1322951773172,3.745805510886076,40.78882727373418,734.0756158938327
Cell4,2200,644.827599194441,3.7462496066263142,40.768913442179034,734.0756158938327
Cell4,2300,642.7345700249701,3.746343280920422,40.80533474017258,734.0756158938327
Cell4,2400,639.779528362064,3.746515126131621,40.8092683929374,734.0756158938327
Cell4,2500,637.9124570016852,3.746567551416613,40.83415367321313,734.0756158938327
Cell4,2600,632.8442960173883,3.7471321034728984,40.83398803148329,734.0756158938327
Cell4,2700,631.3567584678583,3.7470364954782043,40.82896646551725,734.0756158938327
Cell4,2800,629.2342766774427,3.746920876697128,40.83807987956919,734.0756158938327
Cell4,2900,624.4071835805257,3.747674303388158,40.79509505953948,734.0756158938327
Cell4,3000,624.0241576349928,3.748234877221856,40.86042595128374,734.0756158938327
Cell4,3100,621.0406372433505,3.747897035284392,40.83596609986773,734.0756158938327
Cell4,3200,617.4298009076539,3.748361182967398,40.822650498003995,734.0756158938327
Cell4,3300,616.6100994219123,3.7481513866755494,40.822959166888744,734.0756158938327
Cell4,3500,610.0098423460355,3.7505274994949493,40.71217028215489,734.0756158938327
Cell4,3600,609.0845318177422,3.7509272766947728,40.74364912748735,734.0756158938327
Cell4,3700,606.8422394722121,3.7510845675126903,41.090872281556685,734.0756158938327
Cell4,3800,602.1429400557658,3.7520412732605726,40.79317387892224,734.0756158938327
Cell4,3900,602.2590640433417,3.751851739563438,40.79810351159618,734.0756158938327
Cell4,4000,600.8081319033984,3.751451802085471,40.8361506574359,734.0756158938327
Cell4,4100,596.5517044461636,3.752189513774104,40.81331644662535,734.0756158938327
Cell4,4200,595.6564765764431,3.751330100965517,40.8185035362069,734.0756158938327
Cell4,4300,593.6652687461142,3.75098004083045,40.81258422145329,734.0756158938327
Cell4,4400,591.9132492154948,3.7504306407702988,40.811266697779324,734.0756158938327
Cell4,4500,588.273065831058,3.7513666478701113,40.79246362814246,734.0756158938327
Cell4,4600,587.8162290155369,3.750453828127184,40.7785357501747,734.0756158938327
Cell4,4800,584.5267630762735,3.750248307484189,40.80622581482783,734.0756158938327
Cell4,5000,582.3379080207892,3.748040742433863,40.75508688148148,734.0756158938327
Cell4,5100,581.233771613044,3.747003211342756,40.75877631024735,734.0756158938327
Cell5,0,735.336070718255,3.7361050458344947,41.464176509334074,735.336070718255
Cell5,100,726.3272216149664,3.736630215454033,41.47554590919346,735.336070718255
Cell5,200,721.6143905718282,3.7374258164348566,41.46198125489639,735.336070718255
Cell5,300,718.1408943344795,3.737620761551626,41.506662947233316,735.336070718255
Cell5,400,713.4979226988899,3.7386086422049956,41.46929377461959,735.336070718255
Cell5,500,709.9294524799296,3.7388984293710323,41.459244430178884,735.336070718255
Cell5,600,706.7197517896662,3.7391255747609384,41.483560364242244,735.336070718255
Cell5,700,704.4068227739054,3.7393801846938772,41.484874183090376,735.336070718255
Cell5,800,701.0295867753294,3.739729347773872,41.468529284710016,735.336070718255
Cell5,900,698.2500120464782,3.7397777769479568,41.462780031755365,735.336070718255
Cell5,1000,695.5576916850586,3.7399765589728453,41.46330474793389,735.336070718255
Cell5,1100,692.5531943570523,3.7403321698784464,41.474246466053955,735.336070718255
Cell5,1200,689.7775882497999,3.7403275745535716,41.46266336934524,735.336070718255
Cell5,1300,687.1135597869533,3.7404329675231547,41.483835166417684,735.336070718255
Cell5,1400,684.5275284553019,3.7406997516496703,41.49245300959808,735.336070718255
Cell5,1600,678.643903735009,3.7409326558850227,41.49898620302572,735.336070718255
Cell5,1800,672.7264228388298,3.741182440567765,41.519766344627584,735.336070718255
Cell5,1900,669.6039858041315,3.7414659981907388,41.521360576510276,735.336070718255
Cell5,2000,666.5615613009338,3.741414592608562,41.5604811395134,735.336070718255
Cell5,2100,664.112144055915,3.741434663771252,41.50290787604328,735.336070718255
Cell5,2200,661.1156252944539,3.7418099059627328,41.54775772391304,735.336070718255
Cell5,2300,659.0852626643066,3.7416867358878507,41.51732530965732,735.336070718255
Cell5,2400,655.624570723609,3.7420200891951145,41.53769754588161,735.336070718255
Cell5,2500,653.572031102383,3.7418543738925543,41.49254491768772,735.336070718255
Cell5,2600,650.1803326333551,3.7421010919166404,41.50244737132933,735.336070718255
Cell5,2700,648.6554560316094,3.742024382146249,41.491756432415315,735.336070718255
Cell5,2800,646.3729055045605,3.7419264810038118,41.50030041264295,735.336070718255
Cell5,2900,643.0682540069614,3.7426246183588763,41.585644204661556,735.336070718255
Cell5,3000,642.1361759560308,3.7419390665920713,41.467955351662404,735.336070718255
Cell5,3100,639.8080244546916,3.7419644779204106,41.51713121181001,735.336070718255
Cell5,3200,636.6188012020026,3.742262110577233,41.5620035214447,735.336070718255
Cell5,3300,635.56538229874,3.7417947207687337,41.546019707364344,735.336070718255
Cell5,3500,629.1525594045581,3.7443558510929855,41.60689764437195,735.336070718255
Cell5,3600,628.5798251580507,3.744379572501633,41.555960403331156,735.336070718255
Cell5,3700,626.4541623919168,3.74420325491481,41.55721793741809,735.336070718255
Cell5,3800,622.7429618448283,3.7457782360039564,41.57832823442136,735.336070718255
Cell5,3900,622.2255140708279,3.7449103127020784,41.54880060145166,735.336070718255
Cell5,4000,620.054371370107,3.7447671485761584,41.55448313741722,735.336070718255
Cell5,4100,616.9927457990417,3.745129098302829,41.590479535440934,735.336070718255
Cell5,4200,616.0030105030721,3.744075120726424,41.58328758480506,735.336070718255
Cell5,4300,614.4130100238918,3.743602671934514,41.57191676511861,735.336070718255
Cell5,4400,612.4443360817295,3.743490080221253,41.57069861448206,735.336070718255
Cell5,4500,609.5275837131619,3.744071793230044,41.61670482182553,735.336070718255
Cell5,4600,608.9826949116347,3.742916880687563,41.57639929086619,735.336070718255
Cell5,4800,605.3543107357652,3.742726255612072,41.57856840827399,735.336070718255
Cell5,5000,456.1288635874498,3.6647352543204317,41.81158598289829,735.336070718255
Cell6,0,732.7947554512294,3.735102905507165,41.18796751081765,732.7947554512294
Cell6,100,724.683839133562,3.7371221435511366,41.31018651704546,732.7947554512294
Cell6,200,719.9780780561117,3.737817741852487,41.30072525414522,732.7947554512294
Cell6,300,716.7605490247803,3.7380129856978748,41.3464734109707,732.7947554512294
Cell6,400,711.6736520202331,3.7392418363899336,41.36761532976569,732.7947554512294
Cell6,500,707.7770533721924,3.739532180633905,41.361450774062234,732.7947554512294
Cell6,600,704.24917843416,3.7399484800935396,41.37769428149664,732.7947554512294
Cell6,700,702.8095879125638,3.7401160835039486,41.35401798683825,732.7947554512294
Cell6,800,698.8143263731588,3.740653928352941,41.37675241852941,732.7947554512294
Cell6,900,696.0256867891575,3.7410202101004137,41.381323106024816,732.7947554512294
Cell6,1000,692.8134515610182,3.741050367428063,41.376479079204984,732.7947554512294
Cell6,1100,689.8064009492865,3.741422008432658,41.37907277413588,732.7947554512294
Cell6,1200,686.8602393222861,3.7415882415320163,41.377131374326744,732.7947554512294
Cell6,1300,683.7786761748114,3.7416769045085663,41.38393508476105,732.7947554512294
Cell6,1400,680.8693882005513,3.741781341110776,41.398581749471774,732.7947554512294
Cell6,1600,674.4000038665567,3.742303634318805,41.41330456659554,732.7947554512294
Cell6,1800,669.1830335504253,3.7421004651719896,41.43994212530713,732.7947554512294
Cell6,1900,666.0073376705458,3.7427244393827164,41.442020774691365,732.7947554512294
Cell6,2000,662.6077744153612,3.7428916392369724,41.48423724255583,732.7947554512294
Cell6,2100,660.0615587268948,3.7431311657116164,41.485205105263155,732.7947554512294
Cell6,2200,656.3749726963332,3.743186041358798,41.47652724483407,732.7947554512294
Cell6,2300,654.4088374134284,3.743237223586683,41.49484355119347,732.7947554512294
Cell6,2400,650.3692897362026,3.7439311666561315,41.468398954487995,732.7947554512294
Cell6,2500,648.4450826764289,3.743615523866878,41.476351207290016,732.7947554512294
Cell6,2600,644.3100797990757,3.7440695952153105,41.433271982456134,732.7947554512294
Cell6,2700,643.5074922832472,3.743774560236346,41.48088394282976,732.7947554512294
Cell6,2800,641.3314137706706,3.7437482775641024,41.48810209134616,732.7947554512294
Cell6,2900,637.279799374644,3.744326651467269,41.52214793582715,732.7947554512294
Cell6,3000,636.6215899044223,3.744268932353891,41.46307043558282,732.7947554512294
Cell6,3100,633.9956139734056,3.7437951734846027,41.51634849141005,732.7947554512294
Cell6,3200,630.1612188131205,3.744446497097195,41.500449244618395,732.7947554512294
Cell6,3300,629.0775840845405,3.744095896765763,41.559261721332895,732.7947554512294
Cell6,3500,622.9330971371867,3.746699054833388,41.587203908611016,732.7947554512294
Cell6,3600,622.4655750181377,3.7465678953780124,41.585960510399474,732.7947554512294
Cell6,3700,620.3313260135905,3.7468767168323396,41.66066386282306,732.7947554512294
Cell6,3800,616.1640442853969,3.747928493729152,41.54605633555704,732.7947554512294
Cell6,3900,615.9681421137119,3.7474045690023354,41.55247738672006,732.7947554512294
Cell6,4000,613.5031779021912,3.7472264640871016,41.573703000670015,732.7947554512294
Cell6,4100,609.6173818637355,3.7478552375252865,41.5517175,732.7947554512294
Cell6,4200,609.0230988884279,3.7470605608504894,41.54188114174823,732.7947554512294
Cell6,4300,607.3699490541111,3.7464506414551604,41.569822474788495,732.7947554512294
Cell6,4400,605.5915026358235,3.745876819647099,41.5644559711571,732.7947554512294
Cell6,4500,601.5582612949864,3.746941780936112,41.57526368705159,732.7947554512294
Cell6,4600,586.0442340937907,3.7451019338828484,41.57526006980007,732.7947554512294
Cell6,4800,586.3836032445917,3.742337811076061,41.608366554854534,732.7947554512294
Cell6,5000,579.0231519723749,3.74339966457224,41.58314467021654,732.7947554512294
Cell7,0,728.7460724569092,3.7355735516502118,41.06892507136813,728.7460724569092
Cell7,100,720.3477780451694,3.73609677739726,41.187235021689496,728.7460724569092
Cell7,200,716.2137717431438,3.7364890379626976,41.16550731535151,728.7460724569092
Cell7,300,713.9550899355027,3.736449420270659,41.242054684710624,728.7460724569092
Cell7,400,710.350491252628,3.737120698408565,41.23236535329861,728.7460724569092
Cell7,500,707.6044991402621,3.7372796886145805,41.23087195759512,728.7460724569092
Cell7,600,705.1038567303704,3.7374968915768,41.298040072282134,728.7460724569092
Cell7,700,705.0077744360792,3.737089165928301,41.23274680472166,728.7460724569092
Cell7,800,702.2042278220113,3.737683450599941,41.265804751536436,728.7460724569092
Cell7,900,700.1065200427925,3.7377013802759027,41.283579378632226,728.7460724569092
Cell7,1000,698.0250408537157,3.737810133264645,41.30054093523698,728.7460724569092
Cell7,1100,695.9609703262058,3.737759433274284,41.28111703956303,728.7460724569092
Cell7,1200,694.0032339821371,3.737735300740083,41.27914661752516,728.7460724569092
Cell7,1300,692.0996562801377,3.7376252486791333,41.267545669634906,728.7460724569092
Cell7,1400,690.2711085194838,3.7377049626785714,41.290197797619044,728.7460724569092
Cell7,1600,686.4617323634372,3.737878938323353,41.267953859580835,728.7460724569092
Cell7,1800,682.4584052490438,3.7377687387834984,41.29816639114724,728.7460724569092
Cell7,1900,680.1674774869656,3.737813605891239,41.31409519486405,728.7460724569092
Cell7,2000,677.9978592043389,3.7381955649893905,41.398078030918455,728.7460724569092
Cell7,2100,676.4506853791333,3.7378812616038886,41.361990353584446,728.7460724569092
Cell7,2200,673.9377403666314,3.7378528207317077,41.36003086432927,728.7460724569092
Cell7,2300,672.468531256646,3.7376162816070884,41.3674565563703,728.7460724569092
Cell7,2400,669.8150416123352,3.7377426929754605,41.32822831717792,728.7460724569092
Cell7,2500,668.3161981719089,3.73739492662158,41.31509234921611,728.7460724569092
Cell7,2600,665.2058399162529,3.737879757275255,41.267809586654316,728.7460724569092
Cell7,2700,663.9368706189983,3.7375660891674407,41.324280510058806,728.7460724569092
Cell7,2800,662.0301297966885,3.737303177746741,41.3284981489758,728.7460724569092
Cell7,2900,658.9018480706211,3.738060471655753,41.403229405986906,728.7460724569092
Cell7,3000,657.9000267184718,3.737412813054341,41.275099305746416,728.7460724569092
Cell7,3100,655.9158499218208,3.737340275438597,41.35540804010025,728.7460724569092
Cell7,3200,652.8250279489034,3.7377887895498896,41.35878471041864,728.7460724569092
Cell7,3300,651.8482504032085,3.7374331387767974,41.417037845838585,728.7460724569092
Cell7,3500,647.4990219249642,3.7393352676293237,41.47989148016503,728.7460724569092
Cell7,3600,646.8315112267524,3.73892154364676,41.46298856067344,728.7460724569092
Cell7,3700,645.304202881158,3.738751783412926,41.55731509646609,728.7460724569092
Cell7,3800,642.4368996081984,3.7397655613687237,41.40903778861529,728.7460724569092
Cell7,3900,641.9201636369663,3.7390584337708064,41.42993201952625,728.7460724569092
Cell7,4000,640.2204043260972,3.7385348939345318,41.41486754942233,728.7460724569092
Cell7,4100,637.2624875981344,3.739120465559497,41.403730631086745,728.7460724569092
Cell7,4200,636.4617755194159,3.738269055828221,41.398440366160806,728.7460724569092
Cell7,4300,634.8833453988138,3.737836476148867,41.461582032038834,728.7460724569092
Cell7,4400,633.3857813411086,3.737397919364256,41.46581596496919,728.7460724569092
Cell7,4500,630.5555548837211,3.737911029488433,41.4469164398827,728.7460724569092
Cell7,4600,630.0056152500645,3.7373494873776902,41.482370095238096,728.7460724569092
Cell7,4800,626.7490104275444,3.7371098971803285,41.482036954098355,728.7460724569092
Cell7,5000,623.0463727946269,3.7363958576846965,41.495874930079154,728.7460724569092
Cell7,5100,621.9010570358344,3.7359844926660064,41.49165932408325,728.7460724569092
Cell7,5200,618.8233159558885,3.7370904711487385,41.13605185159363,728.7460724569092
Cell7,5300,618.954853098738,3.735459040092931,41.12637987819449,728.7460724569092
Cell7,5400,617.5276695204672,3.7351233388888896,41.0997589594145,728.7460724569092
Cell7,5500,614.2925687191706,3.736660314648829,41.167914471571905,728.7460724569092
Cell7,5600,614.5690801391297,3.7350538535272477,41.121504110665335,728.7460724569092
Cell7,5700,613.1146593468561,3.734838902144772,41.11676985723861,728.7460724569092
Cell7,5800,611.3462823719076,3.734874418655462,41.17738550420168,728.7460724569092
Cell7,5900,610.0332969423896,3.734399539642977,41.13612367901651,728.7460724569092
Cell7,6000,608.8085860090601,3.7342206190010123,41.12919223455957,728.7460724569092
Cell7,6100,606.0533887321608,3.7354378449643946,41.19059657307562,728.7460724569092
Cell7,6200,605.9034227150879,3.734047191759918,41.14869190640895,728.7460724569092
Cell7,6300,604.6515080966797,3.733737012606184,41.11801953584778,728.7460724569092
Cell7,6400,601.8397427911003,3.735509483817003,41.196681051553426,728.7460724569092
Cell7,6500,602.0161384365811,3.7341795645392493,41.41226146552901,728.7460724569092
Cell7,6600,600.7270194675835,3.7336287211696306,41.418394959644324,728.7460724569092
Cell7,6700,598.7575378921711,3.73757435295127,41.48391061873713,728.7460724569092
Cell7,6800,599.0486078144938,3.7349000895061724,41.51172395953361,728.7460724569092
Cell7,6900,597.851621443797,3.7343468207560138,41.45697761752577,728.7460724569092
Cell7,7000,594.991572602095,3.7364472924723757,41.52113295476519,728.7460724569092
Cell7,7100,597.1592893788655,3.7345590190295943,41.469116513764625,728.7460724569092
Cell7,7200,593.9663081994765,3.733025657627119,41.53618152680733,728.7460724569092
Cell7,7300,592.768780769216,3.7324703862045063,41.46510305129983,728.7460724569092
Cell7,7400,590.6981891224568,3.7325759172521744,41.43066532591305,728.7460724569092
Cell7,7500,589.9650195246209,3.7319394663880177,41.41924703030303,728.7460724569092
Cell7,7600,588.6221542203064,3.7314717239092494,41.373501326352525,728.7460724569092
Cell7,7700,586.5107416551988,3.732554210476524,41.43017596811492,728.7460724569092
Cell7,7800,586.0648501349624,3.731105744985975,41.3968240259467,728.7460724569092
Cell7,7900,584.9615834635077,3.730628698524763,41.361279992975064,728.7460724569092
Cell7,8000,582.8396748034193,3.7320140919633413,41.407052216425804,728.7460724569092
Cell7,8100,582.8069570864598,3.7303868834978844,41.42638687059238,728.7460724569092
Cell8,0,727.5279508776244,3.7347793772226927,40.49258756308214,727.5279508776244
Cell8,100,720.0435691727091,3.7366211339132915,40.5524001891044,727.5279508776244
Cell8,300,713.4368676427137,3.7373421266551525,40.591501226252156,727.5279508776244
Cell8,400,709.5431372565274,3.7378844368451523,40.58025967351664,727.5279508776244
Cell8,500,706.6031208953756,3.7381321737866897,40.5819772598082,727.5279508776244
Cell8,600,703.9271830937772,3.738330281126021,40.613615270128356,727.5279508776244
Cell8,700,702.8268331586339,3.738140283016662,40.588510473545746,727.5279508776244
Cell8,800,699.6604835476685,3.738521251086319,40.5989870631239,727.5279508776244
Cell8,900,697.5051870107625,3.7383967483510014,40.599210527679624,727.5279508776244
Cell8,1000,695.446358352956,3.738756322481536,40.60978014062039,727.5279508776244
Cell8,1100,693.3844109134182,3.7385218008886256,40.624328409063985,727.5279508776244
Cell8,1200,691.3525594293859,3.7385998730540706,40.618386104575166,727.5279508776244
Cell8,1300,689.3511783582153,3.7387321993146596,40.63216336680572,727.5279508776244
Cell8,1400,687.4919010955946,3.738810219480131,40.657315057364805,727.5279508776244
Cell8,1600,683.6927504525519,3.73892257328726,40.65031426141827,727.5279508776244
Cell8,1800,679.848343976271,3.738615351359517,40.66993473564955,727.5279508776244
Cell8,1900,677.445316785953,3.738813773044269,40.67136035627652,727.5279508776244
Cell8,2000,675.2706367701213,3.7390022540006083,40.715598957103744,727.5279508776244
Cell8,2100,673.7840156124403,3.7387757885060977,40.69402269329269,727.5279508776244
Cell8,2200,671.1616689531791,3.739006007713499,40.67961192072238,727.5279508776244
Cell8,2300,669.7381704212172,3.7387442931595096,40.67884496257668,727.5279508776244
Cell8,2400,666.3400254420031,3.7388067599568435,40.672497430024656,727.5279508776244
Cell8,2500,664.4188097638958,3.7384728764451314,40.65669844049459,727.5279508776244
Cell8,2600,660.65981312422,3.7392041627798513,40.63588425777363,727.5279508776244
Cell8,2700,659.2901306798706,3.738578508068536,40.65894677601246,727.5279508776244
Cell8,2800,656.7032675046592,3.73867380925868,40.671224633719106,727.5279508776244
Cell8,2900,652.6045603641833,3.739650589235128,40.722549674220964,727.5279508776244
Cell8,3000,651.5216355353732,3.739202304823455,40.637149696721316,727.5279508776244
Cell8,3100,649.2333106060079,3.7388705260993356,40.68326567130655,727.5279508776244
Cell8,3200,645.7033994370321,3.739361838231552,40.70567839917303,727.5279508776244
Cell8,3300,644.6697350407342,3.738776559573113,40.72091610640331,727.5279508776244
Cell8,3500,639.1331897895914,3.740963429305913,40.72309916677378,727.5279508776244
Cell8,3600,638.4180527239549,3.7409049905727154,40.73166615926641,727.5279508776244
Cell8,3700,636.1130349142321,3.7409360048111076,40.76664892670326,727.5279508776244
Cell8,3800,632.0343069341329,3.742552523399415,40.72361608254794,727.5279508776244
Cell8,3900,631.3156809755113,3.741399383669486,40.71879542517892,727.5279508776244
Cell8,4000,629.1404956210293,3.741168401077375,40.72851100522364,727.5279508776244
Cell8,4100,625.4674043331942,3.741772444794745,40.73112211034483,727.5279508776244
Cell8,4200,624.585982483317,3.740675687931602,40.728607637619206,727.5279508776244
Cell8,4300,622.6337554192608,3.7403117826789836,40.743250730781924,727.5279508776244
Cell8,4400,620.4760864495748,3.7398456344587885,40.739633171797415,727.5279508776244
Cell8,4500,616.9983768202243,3.7407399139480693,40.75564514680426,727.5279508776244
Cell8,4600,616.3392972988486,3.7397197081639457,40.74491722092636,727.5279508776244
Cell8,4800,612.2732738059557,3.739748949077491,40.754458874203294,727.5279508776244
Cell8,5000,607.3262718804694,3.7392376614474125,40.76247352079811,727.5279508776244
Cell8,5100,605.9417256364678,3.7390533857288135,40.75054975118644,727.5279508776244
Cell8,5200,601.8903820841234,3.7416400710238906,40.342220905802044,727.5279508776244
Cell8,5300,601.934788576745,3.739097184408052,40.324864146707604,727.5279508776244
Cell8,5400,600.0077753818733,3.739085680931188,40.35321696953098,727.5279508776244
Cell8,5500,596.3490335138482,3.7412079444559225,40.39077887706612,727.5279508776244
Cell8,5600,596.2266060789286,3.7386906455046502,40.34572475163623,727.5279508776244
Cell8,5700,594.340960205607,3.7386270994471316,40.39806891845197,727.5279508776244
Cell8,5800,592.0146001761711,3.738504059833507,40.40613730350329,727.5279508776244
Cell8,5900,590.4843031513402,3.738185770434783,40.34782473182609,727.5279508776244
Cell8,6000,588.5823764392428,3.7381246489881366,40.39725092986741,727.5279508776244
Cell8,6100,585.2882372464059,3.7398167215438596,40.42143352385965,727.5279508776244
Cell8,6200,585.1320387309231,3.7381455188838184,40.376512999999996,727.5279508776244
Cell8,6300,583.2241106854588,3.737805538169014,40.39373517464789,727.5279508776244
Cell8,6400,579.8709863302748,3.740246419582153,40.45381019228045,727.5279508776244
Cell8,6500,580.3408685542026,3.7381658,40.68152882236377,727.5279508776244
Cell8,6600,578.5533542486776,3.7379352030883926,40.74771351295705,727.5279508776244
Cell8,6700,578.0345206396925,3.744264557726465,40.717093997513324,727.5279508776244
Cell8,6800,577.7142932865601,3.739466122111625,40.74309724991112,727.5279508776244
Cell8,6900,576.4201292408752,3.7386817352333455,40.79872186177414,727.5279508776244
Cell8,7000,573.0210856189168,3.74294383609319,40.75725090107527,727.5279508776244
Cell8,7100,574.6346477946778,3.7386811463187994,40.79804461258041,727.5279508776244
Cell8,7200,571.4523631333856,3.736830236112109,40.738884561264825,727.5279508776244
Cell8,7300,569.8082029910108,3.736494877621621,40.79462149981982,727.5279508776244
Cell8,7400,567.5662622753906,3.736765582416787,40.60146258176556,727.5279508776244
Cell8,7500,566.657307630317,3.735530901123596,40.598971084813336,727.5279508776244
Cell8,7600,565.3637467862752,3.7352430592081367,40.643328540864516,727.5279508776244
Cell8,7700,562.9671093293153,3.7365321754834007,40.598782587012046,727.5279508776244
Cell8,7800,562.6004974372796,3.7342924375912405,40.573826506204384,727.5279508776244
Cell8,7900,561.1111478911845,3.7343474233162515,40.62379052635432,727.5279508776244
Cell8,8000,558.1610835707194,3.7366520384473874,40.60300322075055,727.5279508776244
Cell8,8100,558.9581404180535,3.7336214842027924,40.56398922409993,727.5279508776244
